title,subhead,url,premium,article_type,image_url,byline
Are protest movements a boon for the French left?,"France's left-wing parties are hesitating on how to best engage with protests, aiming to drive social debate without appearing opportunistic.",https://www.lemonde.fr/en/politics/article/2026/09/29/are-protest-movements-a-boon-for-the-french-left_6758075_5.html,True,article--main,https://img.lemde.fr/2026/09/12/0/0/6000/4000/800/533/75/0/06d1339_upload-1-hldygeuo2nfd-cbi1334021.jpg,
bardella says that antisemitic accusations against him are attempt to destabilize presidential campaign,,https://www.lemonde.fr/en/france/article/2026/09/29/bardella-says-that-antisemitic-accusations-against-him-are-attempt-to-destabilize-presidential-campaign_6758070_7.html,False,article--headlines,https://img.lemde.fr/2026/09/27/0/0/3066/2044/398/265/75/0/ea1ba5e_ftp-1-z7xxc5uyf6jj-5200496-01-06.jpg,
paris eiffel tower chief to step down after uproar over removing women staff,,https://www.lemonde.fr/en/france/article/2026/09/29/paris-eiffel-tower-chief-to-step-down-after-uproar-over-removing-women-staff_6758076_7.html,False,article--headlines,https://img.lemde.fr/2026/09/29/0/0/5568/3712/398/265/75/0/8e74f95_ftp-1-cr4e73vgsoe9-5219215-01-06.jpg,
nato eu allies support estonia after sabotage blamed on russia,Estonia accused Russia of 'sabotage' in an August arson attack on a drone manufacturer.,https://www.lemonde.fr/en/international/article/2026/09/29/nato-eu-allies-support-estonia-after-sabotage-blamed-on-russia_6758072_4.html,False,article--runner,https://img.lemde.fr/2026/09/17/0/0/5616/3744/398/265/75/0/265979a_ftp-1-m4bhxabia2jd-2026-09-17t100433z-347779165-rc2nvla98i2a-rtrmadp-3-usa-trump-nato-future.JPG,
pesticides scientific community warns of dangerous step backward in european laws,"In a bid to simplify regulations and boost economic competitiveness, the European Commission is proposing numerous relaxations in the Omnibus X legislative package.",https://www.lemonde.fr/en/environment/article/2026/09/29/pesticides-scientific-community-warns-of-dangerous-step-backward-in-european-laws_6758058_114.html,True,article--runner,https://img.lemde.fr/2026/09/23/49/0/2138/1425/398/265/75/0/bbccee5_upload-1-tlefpdk3tjqp-image0.jpeg,
greenland s ability to choose its industrial and financial partners is now subject to washington s approval,"The security agreement signed on September 22 between the United States, Denmark and Greenland calls for a more cautious reading than that of a simple triumph of law over force, writes lawyer Charles-Edouard Renault.",https://www.lemonde.fr/en/opinion/article/2026/09/29/greenland-s-ability-to-choose-its-industrial-and-financial-partners-is-now-subject-to-washington-s-approval_6758055_23.html,True,article--runner,https://img.lemde.fr/2026/03/05/0/0/1500/1000/398/265/75/0/d09a6fb_upload-1-ufawt3i05por-frame-1461.jpg,
leila slimani writer what can kill literature is not robots but our lack of humanity,"Author Leïla Slimani expresses her current sadness, moral exhaustion and deep discouragement, 'as if we are no longer capable of looking at another human being without first asking them which side they belong to.'",https://www.lemonde.fr/en/opinion/article/2026/09/29/leila-slimani-writer-what-can-kill-literature-is-not-robots-but-our-lack-of-humanity_6758059_23.html,True,Op-Ed,https://img.lemde.fr/2026/09/28/1/0/7488/4992/1328/885/45/0/6f2f8da_upload-1-d7v1isiiauvh-000-a3mp2wa.jpg,Leïla Slimani
french public debt soars to 119 of gdp highest level since 1946,,https://www.lemonde.fr/en/politics/article/2026/09/29/french-public-debt-soars-to-119-of-gdp-highest-level-since-1946_6758066_5.html,True,article--river,https://img.lemde.fr/2026/09/29/0/0/6000/4000/205/136/60/0/bbb74d6_upload-1-vaaha4da3een-000-b3ma6f4.jpg,
high school protests spread across france pitting radical left against government,,https://www.lemonde.fr/en/france/article/2026/09/29/high-school-protests-spread-across-france-pitting-radical-left-against-government_6758067_7.html,True,article--river,https://img.lemde.fr/2026/09/28/0/0/3981/2654/205/136/60/0/4d3c9d4_upload-1-u3dhu54it2th-sipa-01301639-000002.jpg,
pope leo xiv clarifies reported description of sexual abuse in church as systemic,,https://www.lemonde.fr/en/france/article/2026/09/29/pope-leo-xiv-clarifies-reported-description-of-sexual-abuse-in-church-as-systemic_6758063_7.html,True,article--river,https://img.lemde.fr/2026/09/28/0/0/8256/5504/205/136/60/0/1eeab6c_ftp-1-monzbo08nhed-2026-09-28t190929z-689028625-rc2jsnan1wm7-rtrmadp-3-pope-france.JPG,
spain aims to ban evictions until 2030 amid housing protests,,https://www.lemonde.fr/en/international/article/2026/09/29/spain-aims-to-ban-evictions-until-2030-amid-housing-protests_6758073_4.html,False,article--river,https://img.lemde.fr/2026/09/23/0/3/5493/3662/205/136/60/0/b4e28df_ftp-1-u43hmq2goe2q-2026-09-23t113756z-476156312-rc2zonaju22l-rtrmadp-3-spain-housing.JPG,
iranians increasingly isolated after us sanctions on the country s airlines,,https://www.lemonde.fr/en/international/article/2026/09/29/iranians-increasingly-isolated-after-us-sanctions-on-the-country-s-airlines_6758057_4.html,True,article--river,,
how a beer brewed by myanmar s junta won a haul of medals at a french ceremony,,https://www.lemonde.fr/en/economy/article/2026/09/29/how-a-beer-brewed-by-myanmar-s-junta-won-a-haul-of-medals-at-a-french-ceremony_6758056_19.html,True,article--river,,
uk police release on bail five suspects held over airbase incident,,https://www.lemonde.fr/en/international/article/2026/09/28/uk-police-release-on-bail-five-suspects-held-over-airbase-incident_6758048_4.html,False,article--river,,
in spain the migration crisis in ceuta continues to destabilize prime minister pedro sanchez s socialist government,,https://www.lemonde.fr/en/international/article/2026/09/29/in-spain-the-migration-crisis-in-ceuta-continues-to-destabilize-prime-minister-pedro-sanchez-s-socialist-government_6758052_4.html,True,article--river,,
us import ban on canadian alcohol and other products goes into effect,,https://www.lemonde.fr/en/economy/article/2026/09/29/us-import-ban-on-canadian-alcohol-and-other-products-goes-into-effect_6758065_19.html,False,article--river,,
prosecutors request suspended prison time for former french pm bayrou in embezzlement trial,,https://www.lemonde.fr/en/france/article/2026/09/29/prosecutors-request-suspended-prison-time-for-former-french-pm-bayrou-in-embezzlement-trial_6758064_7.html,True,article--river,,
we have nothing no safe place no food yemen s humanitarian crisis is worsening,,https://www.lemonde.fr/en/international/article/2026/09/28/we-have-nothing-no-safe-place-no-food-yemen-s-humanitarian-crisis-is-worsening_6758047_4.html,True,article--river,,
uk decides against charging foreigners for museums,,https://www.lemonde.fr/en/international/article/2026/09/29/uk-decides-against-charging-foreigners-for-museums_6758074_4.html,False,article--river,,
bardella denies report of antisemitic messages,The investigative media outlet Mediapart reported that Marine Le Pen's deputy Jordan Bardella made repeated antisemitic and conspiratorial comments in private conversations dating back to his early days with the party in 2013.,https://www.lemonde.fr/en/politics/article/2026/09/28/bardella-denies-report-of-antisemitic-messages_6758044_5.html,True,In Depth,https://img.lemde.fr/2026/09/18/2022/0/5333/3555/1328/885/45/0/7c84dae_upload-1-v7vhkfwqelxc-jmug260918051.jpg,Clément Guillou and  Corentin Lesueur
pope visits metz leo xiv calls for peace in europe and urges compromise,"In a speech in Metz, the pope praised the gradual, step-by-step approach championed by Robert Schuman, one of the architects of what would eventually become the European Union, but did not mention Russia's invasion of Ukraine.",https://www.lemonde.fr/en/france/article/2026/09/29/pope-visits-metz-leo-xiv-calls-for-peace-in-europe-and-urges-compromise_6758050_7.html,True,In Depth,https://img.lemde.fr/2026/09/28/140/0/1600/1066/1328/885/45/0/c16bf1a_upload-1-uhoyersdcl85-whatsapp-image-2026-09-28-at-16-00-39.jpeg,"Ariane Chemin,  Sarah Belouezzane and  Sophie Fay"
from renault factories to contemporary art center the story of paris s cursed seguin island,"On October 17, a new contemporary art center, Le Large will open its doors on Seguin Island, just west of Paris. That is something of a miracle, given the many projects that have fallen through after Renault left in 1992. But the story is not over: The center of the island remains conspicuously empty.",https://www.lemonde.fr/en/m-le-mag/article/2026/09/27/from-renault-factories-to-contemporary-art-center-the-story-of-paris-s-cursed-seguin-island_6758012_117.html,True,Long Read,https://img.lemde.fr/2026/09/22/0/0/1500/1000/1328/885/45/0/5f65114_ftp-1-avufk20e75kd-444717-3489677.jpg,Roxana Azimi
leo xiv the european stands against identity based isolationism,,https://www.lemonde.fr/en/opinion/article/2026/09/29/leo-xiv-the-european-stands-against-identity-based-isolationism_6758068_23.html,False,Editorial,,
the ai pocalypse is a mirage distracting us from ai s unsustainable development,,https://www.lemonde.fr/en/opinion/article/2026/09/28/the-ai-pocalypse-is-a-mirage-distracting-us-from-ai-s-unsustainable-development_6758018_23.html,True,Column,,
trump s missteps have become a major source of instability in international relations,,https://www.lemonde.fr/en/opinion/article/2026/09/27/trump-s-missteps-have-become-a-major-source-of-instability-in-international-relations_6758008_23.html,True,Column,,
